{"id": 179, "seek": 80400, "start": 813.04, "end": 817.52, "text": "MYMEMORY WARNING: YOU USED ALL AVAILABLE FREE TRANSLATIONS FOR TODAY. NEXT AVAILABLE IN  09 HOURS 05 MINUTES 50 SECONDS VISIT HTTPS://MYMEMORY.TRANSLATED.NET/DOC/USAGELIMITS.PHP TO TRANSLATE MORE", "tokens": [50816, 293, 307, 6250, 562, 321, 366, 4335, 281, 2354, 300, 1691, 13, 51040], "temperature": 0.0, "avg_logprob": -0.2706829177008735, "compression_ratio": 1.382608695652174, "no_speech_prob": 0.001475658267736435}
