{"id": 206, "seek": 64260, "start": 650.28, "end": 653.24, "text": "MYMEMORY WARNING: YOU USED ALL AVAILABLE FREE TRANSLATIONS FOR TODAY. NEXT AVAILABLE IN  09 HOURS 07 MINUTES 30 SECONDS VISIT HTTPS://MYMEMORY.TRANSLATED.NET/DOC/USAGELIMITS.PHP TO TRANSLATE MORE", "tokens": [50748, 583, 286, 478, 411, 11, 1338, 11, 286, 478, 9929, 633, 472, 295, 552, 13, 50896], "temperature": 0.0, "avg_logprob": -0.317577600479126, "compression_ratio": 1.4097222222222223, "no_speech_prob": 0.3652530908584595}
