{"id": 205, "seek": 75860, "start": 784.0400000000001, "end": 788.24, "text": "MYMEMORY WARNING: YOU USED ALL AVAILABLE FREE TRANSLATIONS FOR TODAY. NEXT AVAILABLE IN  09 HOURS 02 MINUTES 56 SECONDS VISIT HTTPS://MYMEMORY.TRANSLATED.NET/DOC/USAGELIMITS.PHP TO TRANSLATE MORE", "tokens": [51636, 516, 281, 1051, 958, 293, 321, 445, 500, 380, 458, 13, 51846], "temperature": 0.0, "avg_logprob": -0.22804104364835298, "compression_ratio": 1.815126050420168, "no_speech_prob": 0.026705950498580933}
