{"id": 112, "seek": 78460, "start": 796.6, "end": 798.6, "text": "MYMEMORY WARNING: YOU USED ALL AVAILABLE FREE TRANSLATIONS FOR TODAY. NEXT AVAILABLE IN  09 HOURS 04 MINUTES 48 SECONDS VISIT HTTPS://MYMEMORY.TRANSLATED.NET/DOC/USAGELIMITS.PHP TO TRANSLATE MORE", "tokens": [50964, 1711, 4060, 2077, 670, 565, 13, 1112, 51064], "temperature": 0.0, "avg_logprob": -0.5619640946388245, "compression_ratio": 1.087378640776699, "no_speech_prob": 0.12396179139614105}
