{"id": 173, "seek": 77524, "start": 800.24, "end": 803.24, "text": "MYMEMORY WARNING: YOU USED ALL AVAILABLE FREE TRANSLATIONS FOR TODAY. NEXT AVAILABLE IN  09 HOURS 01 MINUTES 20 SECONDS VISIT HTTPS://MYMEMORY.TRANSLATED.NET/DOC/USAGELIMITS.PHP TO TRANSLATE MORE", "tokens": [51614, 412, 4060, 2077, 3570, 3766, 13, 1112, 13, 51764], "temperature": 0.0, "avg_logprob": -0.32161485065113415, "compression_ratio": 1.4390243902439024, "no_speech_prob": 0.5455362200737}
