{"id": 260, "seek": 78172, "start": 788.72, "end": 793.5600000000001, "text": "MYMEMORY WARNING: YOU USED ALL AVAILABLE FREE TRANSLATIONS FOR TODAY. NEXT AVAILABLE IN  09 HOURS 09 MINUTES 25 SECONDS VISIT HTTPS://MYMEMORY.TRANSLATED.NET/DOC/USAGELIMITS.PHP TO TRANSLATE MORE", "tokens": [50714, 876, 11, 291, 658, 300, 13, 50956], "temperature": 0.0, "avg_logprob": -0.5118164239927779, "compression_ratio": 1.3195876288659794, "no_speech_prob": 0.09257828444242477}
